type,name,label,label::Hausa,hint,hint::Hausa,required,choice_filter,appearance,relevant,constraint,constraint_message,repeat_count,calculation,default
start,start,,,,,,,,,,,,,
end,end,,,,,,,,,,,,,
deviceid,deviceid,,,,,,,,,,,,,
note,note1,#REACH Nigeria MSNA,,,,FALSE,,,,,,,,
text,enum,What is the enumerator code/name?,lambar ma'akaci,,,yes,,,,,,,,
select_one sample,sample_id,,,,,,,,,,,,,
select one yn,enum_female,What is the sex of the enumerator?,,"If YES, questions on breastfeeding and MHM will follow, if NO they will be skipped",,yes,,,,,,,,
select_one state,state,In what State is this survey taking place?,awani jahar wannan gida take?,,,yes,,minimal,,,,,,
select_one LGA,lga,In what LGA is this survey taking place?,awacce karamar hukuma wannan gidan yake?,,,yes,State=${state},minimal,,,,,,
select_one ward,ward,In what ward is this survey taking place?,,,,yes,LGA=${lga},minimal,,,,,,
text,village,In what settlement is this survey taking place?,menene sunnan wannan anguwan/garin?,,,yes,,,,,,,,
select_one clusters,cluster,What is the cluster ID for this location?,menene lambar wannan anguwan/garin?,Ask your Team Leader,Tambayi Shugaban tafiya,yes,Ward=${ward},minimal,,,,,,
gps,gps,Take the GPS coordinates of this location (please wait to have a precision of less than 5 meters),,,,yes,,,,,,,,
select_one group,group,What is the intended group for this interview?,wacce irin jamaa ne ake da niyan tambaya?,,,yes,,,,,,,,
select_one group_status,status_group,Which statement best describes your household's situation since 2009?,wacce bayyani ce ke bayyanar the hakikanin yanayin da gidan ku ke chiki?,"
For Returnees, only count them if they were displaced for greater than a week. 

If migratory community (such as Fulanis), their movement should not count as IDPs","Bangaren nan na wayen da su ka koma gidajen su,kirga su idan sun yi gudun hijira sama da sati guda.                  Idan masu kaura ne kamar (su Fulani) kada akirga su a matsayin yan gudun hijira",yes,,,,,,,,
note,check2,The household is not the correct category. Please end the interview and do not save the form. Move on to the household on the immediate right. ,"idan gidan baya da chikin wanda ake dubawa, ka tsayar da tambayan ba tare da ajiyan fom dinba. Juya zuwa gidan hanun daman nan take.",,,yes,,,not(${status_group}=${group}),,,,,
select_one consenting,consent,"We are from REACH / NRC / PLAN / CRS / Malteser International, and we are conducting this assessment to understand the needs of people in the affected communities in the North-East of Nigeria. We share our results with humanitarian organizations so they can better plan and organize their responses. Today, we randomly selected your household to do an assessment. You will not receive anything for participating, and if you choose not to participate it will not affect your ability to receive humanitarian services. The interview will take about 45 minutes. Do you agree to participate?","Mu daga REACH ne,kungiya ce mai zaman kanta wacce take bincike don ta gano yanayin damuwa  da jamaa suke chiki amazaunin su.Bayan binchiken mu kuma , za mu mika ma kungiyoyin agaji domin su kyautata aikin su awajen bayar da taimako a yanayin da ya kamata.Ayau Gidan nan na daga gidagen da aka chanka domin yin bincikin. Ba a bayar da wani abu don ayi muku tambayoyi, idan kuma baka/ki bada hadin kaiba bazai shafi hanyan taimakon da ake da niyan bayarba. Tambayoyin zasu iya dukkan mintuna kamar 45. Ka/Kin yarda aci gaba?",,,yes,,,,,,,,
begin group,interview_enter1,,,,,,,,${consent}='consent',,,,,
select_one yndk,hoh,Are you the head of household?,Ka/ke ne magidanci?,,,yes,,,,,,,,
select_one yndk,needs_answer,"We want to know about the needs, vulnerabilities and the situation of your household, can you answer for the household?","Muna son mu san bukatun da damuwan gidan nan, zaka/ki iya amsawa a matsayin gidan?",,,yes,,,"not(selected(${hoh},'yes'))",,,,,
integer,age_resp,What is your age?,Mene ne shekarun ka/ki?,,,yes,,,,.<100,You input a number higher than 100 years. Please recheck,,,
note,note_1,"You cannot interview anyone under 18 years of age for this survey. Please check if there is an age-appropriate household member who can answer your questions. If there is, record that person's age","Ba'a yarda a tambayi mai kasa da shekara 18 ba. Duba idan akwai wani a gidan wanda zai iya amsawa amaimakon su. Idan akwai, rubuta shekarun mai shi",,,yes,,,${age_resp} <18,,,,,
begin group,interview_enter2,,,,,yes,,,,,,,,
select_one gender,gender_resp,What is the gender of the respondent?,Menene jinsin mai ansawa?,No need to ask. Only observe and select please.,,yes,,,,,,,,
select_one gender,gender_hoh,What is the gender of the Head of Household?,Menene jinsin Magidancin?,,,yes,,,"not(selected(${hoh}, 'yes'))",,,,,
integer,age_hoh,How old is the Head of Household?,Menene shekarun Magidancin?,,,yes,,,"not(selected(${hoh}, 'yes'))",,,,,
select_one marital_status,marital_hoh,What is the marital status of the Head of Household?,Magidancin na da aure?,,,yes,,,,,,,,
integer,num_hh,Currently how many household members are living in your household (including the respondent)?,Mutane nawa ne ake zama tare awanan gidan (harda mai amsawa),A household unit is defined as consisting of one head of household and all individuals residing within the boundaries of the household sharing income and food ,Iyali/Maigidanci shi ne taron mutane masu zama tare a wurin guda da ke anfani dasu tukunya guda tare anfani da duk abin da aka samu na arziki atare hade da yan uwa.,yes,,,,.<30,Number of household members seems to high. Please verify what is the number of people just for this ONE household. ,,,
note,notehhmembers,"For this next section, we will ask about each of the people currently in your household. For the children, we will ask some additionaly questions about their health and education. ","Bangare na gaba,za muyi tambaya akan kowa da yake gidan nan ayanzu haka. Yara kuma za yi karin tambaya akan lafiyan su da kuma makarantan su.",,,,,,,,,,,
begin repeat,hh_members,,,,,,,,,,,${num_hh},,
calculate,theloopcount,,,,,yes,,,,,,,position(..),
text,name_hh,NUMBER ${theloopcount}: What is the name of the household member?,Mene ne sunan daya daga cikin mutanen gidan?,,,yes,,,,,,,,
select_one gender,sex_hh,What is the gender of ${name_hh}?,Me ye ne jinsin? ,,,yes,,,,,,,,
integer,age_hh,What is the age in years of ${name_hh},Me ye ne shekarun? ,"If the child is less than 1 year old, put 0","Idan yaron/yarinyar na kasa da shekara 1, rubuta 0",yes,,,,. < 100,You input a number higher than 100 years. Please recheck,,,
integer,age_hh_months,What is the age of ${name_hh} in months?,Meye ne shekarun awatanni?,,,yes,,,${age_hh}=0,. < 12,"Must be fewer than 12 months, otherwise count as a full year",,,0
calculate,agegrp_0_5,,,,,yes,,,,,,,"if(${age_hh}<5, '1', '0')",
calculate,agegrp_0_6m,,,,,yes,,,,,,,"if(${age_hh}<1 and ${age_hh_months}<6, '1', '0')",
calculate,agegrp_6m_5,,,,,yes,,,,,,,"if((${age_hh}<5 and ${age_hh_months}=0 and ${age_hh}>0) or (${age_hh}<0 and ${age_hh_months}>5), '1', '0')",
calculate,agegrp_9m_10,,,,,yes,,,,,,,"if((${age_hh}<11 and ${age_hh_months}=0 and ${age_hh}>0) or (${age_hh}<1 and ${age_hh_months}>8), '1', '0')",
calculate,agegrp_3_18,,,,,yes,,,,,,,"if(${age_hh} >=3 and ${age_hh}<=18, 1, 0)",
calculate,agegrp_0_18,,,,,yes,,,,,,,"if(${age_hh}<=18, '1', '0')",
calculate,calc_eligible_0_6m,,,,,yes,,,,,,,"if((${age_hh}='0' and ${age_hh_months}<'6'), '1', '0')",
calculate,calc_eligible_0_5,,,,,yes,,,,,,,"if(${age_hh}<5 , '1', '0')",0
calculate,calc_eligible_6m_5,,,,,yes,,,,,,,"if((${age_hh}='0' and ${age_hh_months}>5) or (${age_hh}<5 and ${age_hh}>0), '1', '0')",0
calculate,calc_eligible_9m_10,,,,,yes,,,,,,,"if((${age_hh}='0' and ${age_hh_months}>8) or (${age_hh}<10 and ${age_hh}>0) , '1', '0')",0
calculate,calc_eligible_3_18,,,,,yes,,,,,,,"if(${age_hh} >=3 and ${age_hh}<18, 1, 0)",0
calculate,calc_eligible_0_18,,,,,yes,,,,,,,"if(${age_hh}<18, '1', '0')",0
select_multiple vulnerability,vulnerability_hh,Does ${name_hh} fit any of the following criteria or situations?,,DO READ ALL choices please and select ALL THAT APPLY,,yes,,,,"not(selected(., 'none') and count-selected(.)>1) and not(selected(., '98') and count-selected(.)>1) and not(selected(., '99') and count-selected(.)>1)","You cannot select ""none"", ""no response"" or ""don't know"" and another response ",,,
text,vulnerability_hh_other,Other (specify):,,,,yes,,,"selected(${vulnerability_hh}, '97')",,,,,
begin group,eligible_0_6m,,,,,,,,${calc_eligible_0_6m}='1',,,,,
select_one yndk,bf_ever,Has ${name_hh} ever been breastfed?,An taba shayar da?,,,yes,,,"selected(${enum_female},'yes')",,,,,
select_one breastfeeding_problem,breastfeeding_problem,"If yes, is the mother experiencing issues with breastfeeding?",shin anshayar da?,,,yes,,,${bf_ever}='yes',,,,,
text,breastfeeding_problem_other,Other (specify):,,,,,,,"selected(${breastfeeding_problem},'97')",,,,,
select_multiple liquids_24h,liquids_24h,Has this child had any of the following liquids yesterday during the last 24 hours? Check all that applies,Shin ya sha nono ne ta wadan nan hanyoyi jiya daddare ko da rana?,DO READ CHOICES,KARANTA RA'AYOYI DABAN DABAN DIN,yes,,,${bf_ever}='yes',"not(selected(.,'no_liquids') and count-selected(.) >1) and not(selected(.,'99') and count-selected(.) >1) and not(selected(.,'98') and count-selected(.) >1) ",,,,
select_multiple solids_24h,solids_24h,"Did the child eat any of the following solid, semi-solid or soft foods in the past 24 hours?[check all that apply]","Shin ya sha madarar gari,na gwangoni, madarar yara, kindirmu ko nono daga wani dabba jiya da rana ko da dadare?",DO READ CHOICES,KARANTA RA'AYOYIN DABAN DABAN DIN,yes,,,${bf_ever}='yes',"not(selected(.,'no_other_food') and count-selected(.) >1) and not(selected(.,'99') and count-selected(.) >1) and not(selected(.,'98') and count-selected(.) >1) ",,,,
select_multiple child_weightloss_where,child_weightloss_where,"If the child is losing weight, where would you take him or her?",,,KARANTA RA'AYOYI DABAN DABAN DIN,yes,,,,"not(selected(.,'nowhere') and count-selected(.) >1) and not(selected(.,'99') and count-selected(.) >1) and not(selected(.,'98') and count-selected(.) >1) ",,,,
end group,eligible_0_6m,,,,,,,,,,,,,
begin group,eligible_6m_5,,,,,,,,${calc_eligible_6m_5}='1',,,,,
select_one yn,present,Is ${name_hh} present?,Shin na nan?,"If present, ask to bring the child to take their measurement","Idan haka ne, akawo yaron/yarinyan domin Gwada Tamuwa",yes,,,,,,,,
integer,muac,Please record the MUAC for ${name_hh} to the nearest 1mm,Gwada MUAC zuwa lamba mafi kusa 1mm ,"Please record in mm to nearest 1mm. 

DO NOT ROUND THE MEASUREMENT",Dauki lambar gwajin tamuwan zuwa 1mm                                      KADA KA CHANZA LAMBAR,yes,,,${present}='yes',. >50 and .<200,It is very unlikely your measure is less than 50mm or higher than 200mm for a child under 5 years old. Please recheck.,,,
select_one yndk,otp,Is ${name_hh} currently enrolled in a nutrition treatment program?,Shin ya na karkashin kulawan/karban tamuwa ne?,"Nutrition treatment involves making weekly visits to the program, and receiving Plumpynut and checkup for the child. (OTP)",Kulawar mai tamuwa ya hada da zuwa wajen samun taimako ko wani sati domin karban garin tamuwa,yes,,,${present}='yes' and ${muac}<115,,,,,
note,referral,Please refer ${name_hh} to the nearest nutrition center (OTP) before you leave the household. ,Tura shi zuwa inda ake bada taimakon tamuwa mafi kusa kafin ka/ki bar gidan.,,,,,,"${present}='yes' and ${muac}<115 and not(selected(${otp},'yes'))",,,,,
select_one otp_distance,otp_distance,How far is the nearest facility offering OTP services?,Tura shi zuwa inda ake bada taimakon tamuwa mafi kusa kafin ka/ki bar gidan.,,,yes,,,"selected(${otp},'yes')",,,,,
select_one yndk,rutf_shared,Are the RUTF sachets being shared with other household members?,,ready-to-use therapeutic foods (RUTFs),,yes,,,"selected(${otp},'yes')",,,,,
select_multiple rutf_shared_why,rutf_shared_why,"If yes, why?",,,,yes,,,"selected(${rutf_shared},'yes')",,,,,
text,rutf_shared_why_other,Other (specify):,,,,yes,,,"selected(${rutf_shared_why},'97')",,,,,
select_one yndk,rutf_sold,Are the full RUTF sachets being sold?,,ready-to-use therapeutic foods (RUTFs),,yes,,,"selected(${otp},'yes')",,,,,
select_multiple rutf_sold_why,rutf_sold_why,"If yes, why?",,,,yes,,,"selected(${rutf_sold},'yes')",,,,,
text,rutf_sold_why_other,Other (specify):,,,,yes,,,"selected(${rutf_sold_why},'97')",,,,,
select_one yndk,bsfp,Is this child currently benefitting from a Blanket Supplementary Feeding Programme (BSFP)?,,,,yes,,,${present}='yes' and (${muac} < 115),,,,,
select_one bsfp_distance,bsfp_distance,How far is the nearest point of distribution for the BSFP?,,Blanket Supplementary Feeding Programme ,,yes,,,"selected(${bsfp},'yes')",,,,,
select_one yndk,csb_shared,Are the CSB supplies being shared with other household members?,,Corn soy blend flour - used in the form of porridge for malnourished children under the age of 2,,yes,,,"selected(${bsfp},'yes')",,,,,
select_multiple csb_shared_why,csb_shared_why,"If yes, why?",,,,yes,,,"selected(${csb_shared},'yes')",,,,,
text,csb_shared_why_other,Other (specify):,,,,yes,,,"selected(${csb_shared_why},'97')",,,,,
select_one yndk,csb_sold,Are the full CSB supplies being sold?,,,,yes,,,"selected(${bsfp},'yes')",,,,,
select_multiple csb_sold_why,csb_sold_why,"If yes, why?",,,,yes,,,"selected(${csb_sold},'yes')",,,,,
text,csb_sold_why_other,Other (specify):,,,,yes,,,"selected(${csb_sold_why},'97')",,,,,
end group,eligible_6m_5,,,,,,,,,,,,,
note,ask_vaccine_card,"Show the respondent the child health card, and measles vaccination cards. Ask them if they have them and can show you for ${name_hh}. ","Tare da taimakon katin allurai,nuna musu kuma yi tambaya ko akwai irin wannan katin yaron/yarinya. Yi tambaya ko zaka/ki iya ganin katin",,,,,,${calc_eligible_9m_10}='1' or ${calc_eligible_0_5}='1',,,,,
begin group,eligble_9m_10,,,,,,,,${calc_eligible_9m_10}='1',,,,,
select_one vaccine,measles,Has ${name_hh} received any measles vaccine?,Shin anyi mishi/mata allurar kenda?,,,yes,,,,,,,,
integer,measles_quant,How many times has ${name_hh} ever received measles vaccine?,Sau nawa akayi ma allurar kenda?,,,yes,,,${measles}='yes_mother_reports' or ${measles}='yes_vaccination_card',,,,,
end group,eligble_9m_10,,,,,,,,,,,,,
begin group,eligible_0_5,,,,,,,,${calc_eligible_0_5}='1',,,,,
select_one vaccine,penta,Has ${name_hh} received any PENTA vaccine shots?,Shin an taba yi ma allurar PENTA?,"If no card, can ask the mother if the child has been vaccinated for diptheria, whooping cough, tetatnus, influenza or Hepatitis B","Idan babu kati, za ka/ki iya tambayan maman ko yan yi mashi riga kafin tarin fuka,tetanus, muran da Hepatitis B",yes,,,,,,,,
integer,penta_quant,How many PENTA shots has ${name_hh} ever received?,Sau nawa akayi ma allurar PENTA?,Max. 3,da PENTA,yes,,,${penta}='yes_mother_reports' or ${penta}='yes_vaccination_card',.<=3,Child should not have received more than 3 shots of this vaccine in their lifetime. Please recheck.,,,
select_one vaccine,polio,Has ${name_hh} received any of the 3 polio (OPV) vaccine?,Shin anta ba wa maganin riga kafin cutar shan inna (Polio)?,"This vaccine is given as a ""drop""","Wanna maganin ana bayar wa ne ta ""digawa""",yes,,,,,,,,
integer,polio_quant,How many polio (OPV) vaccines has ${name_hh} ever received?,Sau nawa ya sha maganin riga kafin cutar shan inna (Polio)?,,,yes,,,${polio}='yes_mother_reports' or ${polio}='yes_vaccination_card',.<=4,Child should not have received more than 4 shots of this vaccine in their lifetime. Please recheck.,,,
end group,eligible_0_5,,,,,,,,,,,,,
begin group,eligible_3_18,,,,,,,,${calc_eligible_3_18}='1',,,,,
select_one school_status_form,formal_schl_stat,What is the current FORMAL school attendance status of ${name_hh}?,Awani matsayin karatu boko yake/take?,,,yes,,,,,,,,
select_one school_status_non,informal_schl_stat,What is the current INFORMAL school attendance status of ${name_hh}?,Menene matsayin wadan su karatun? ,"Informal school can include Islamic school, vocational schooling, any other learning that takes place outside of formal government schools

Accelerated Learning Program refers to educational programs aimed at catching children up so they can reenter formal education system. ","Makaranta na daban ya hada islamiyya, makarantar koyan san'a ko wacce ba na gomnati ba.       Wanna yanayin koyan karatu ne wanda zai iya taimakawa dalibi ya kamo karatun boko da wuri.",yes,,,,,,,,
end group,eligible_3_18,,,,,,,,,,,,,
end repeat,hh_members,,,,,,,,,,,,,
calculate,agegrp_0_5_sum,,,,,yes,,,,,,,sum(${agegrp_0_5}),
calculate,agegrp_0_6m_sum,,,,,yes,,,,,,,sum(${agegrp_0_6m}),
calculate,agegrp_6m_5_sum,,,,,yes,,,,,,,sum(${agegrp_6m_5}),
calculate,agegrp_9m_10_sum,,,,,yes,,,,,,,sum(${agegrp_9m_10}),
calculate,agegrp_3_18_sum,,,,,yes,,,,,,,sum(${agegrp_3_18}),
calculate,agegrp_0_18_sum,,,,,yes,,,,,,,sum(${agegrp_0_18}),
begin group,education,,,,,,,,,,,,,
note,noteeducation,Here we want to ask about children's ability to find educational support in the community. ,Muna son yin tambaya akan yara da mata  ta yada zasu samu ilimi ko wasu taimakon agarinsu.,,,,,,,,,,,
select_multiple education_barrier,education_barrier_main,What are the barriers your household faces with sending children in general to formal school?,,,,yes,,,,"not(selected(., 'no_barrier') and count-selected(.)>1) and not(selected(., '98') and count-selected(.)>1) and not(selected(., '99') and count-selected(.)>1) ",,,,
text,education_barrier_other,Other (specify):,Bayyana idan akwai matsala,,,yes,,,"selected(${education_barrier_main}, '97')",,,,,
select_multiple education_barrier_girls,education_barrier_girls,What are the barriers your girl-child in particular faces with going to formal school?,,,,yes,,,,"not(selected(., 'no_barrier') and count-selected(.)>1) and not(selected(., '98') and count-selected(.)>1) and not(selected(., '99') and count-selected(.)>1) ",,,,
text,education_barrier_girls_other,Other (specify):,,,,yes,,,"selected(${education_barrier_girls}, '97')",,,,,
select_one cashforeducation,cash_education,"If your household were to receive support for education, what method of support would you prefer?","Da za'a taimakamuku ta bangaren ilimi, wacce irin taimakon kukeso?",,,yes,,,,,,,,
text,cash_education_other,Other (specify):,Bayyana idan akwai wani hanyo,,,yes,,,"selected(${cash_education}, '97')",,,,,
end group,education,,,,,,,,,,,,,
begin group,protection,,,,,,,,,,,,,
select_one cfs_type,cfs,"A child friendly space is any place in the community where children can go to play, learn or be children in a safe, supportive environment. 

Is there any place like this in your community?",Kyebeben wajen yara shi ne duk inda yara kan zo su yi wasa kuma su koyi abu a yanayi mai kyau.                                                        Shin akwai irin wannan wajen ne agarin ko anguwan ku?            ,,,yes,,,,,,,,
text,cfs_other,Other (specify):,Bayyana idan akwai irin wannan wajen,,,yes,,,${cfs}='97',,,,,
select_one yndk,cfs_access,Does your child have access to this place?,Shin yaran ka/ki na iya zuwa wannan waje?,,,yes,,,${cfs}='ngo_cfs' or ${cfs}='park' or ${cfs}='nursery' or ${cfs}='97',,,,,
select_one ffs_type,ffs,Is there a space in the community where girls and women can gather safely in the community?,Shin akwai kyebeben waje ne ma yanmata da mata inda zasu iya taruwa lafiya?,This means a space outside of their own household,,yes,,,,,,,,
text,ffs_other,Other (specify):,Bayyana idan akwai wani kyabeben waje ma mata?,,,yes,,,${ffs}='97',,,,,
select_one yndk,ffs_access,Do women in your household have access to that space?,Shin matan gidan nan na iya zuwa wajen?,,,yes,,,${ffs}='ngo_ffs' or ${ffs}='community_women_support_group_' or ${ffs}='women_support_group_hh' or ${ffs}='sewing_group' or ${ffs}='97',,,,,
select_multiple mhpss_needs,mhpss_needs,"Within the past 2 weeks, how have you been feeling? Have you or someone in your household experienced any of the following? ",,Make sure to create an atmosphere where this can be shared. Select all that apply,,yes,,,,,,,,
note,noteprot,"This next question I will be asking about security incidents that may have happened to you or members of your household. If the questions I ask make you uncomfortable, you do not need to respond. ","Bangaren gaba kuma, tambayoyi ne akan wani iftilayi da ya faru da kai/ki da sauran yan gidan nan asadin wannan rikicin, idan akwai tambayan da bayi maka/ki ba kar ka/ki ansa.",,,,,,,,,,,
select_one yndk,security_yn,"Has anyone in your household experienced any security incidents in the last three months by armed, community or other actors?",Shin akwai wani agidan ku da hadu da wata iftilayi asanadin wannan rikicin?,"Not only conflict-related incidents, but generally in the community too",,yes,,,,,,,,
select_multiple security_incident,security_type,What was the security incident?,Wacce irin rikici ne?,7,,yes,,,${security_yn}='yes',"not(selected(.,'99') and count-selected(.) >1) and not(selected(.,'98') and count-selected(.) >1)",,,,
text,security_type_other,Other (specify):,Bayyan wasu rikicin na abun da ya faru,,,yes,,,"selected(${security_type}, '97')",,,,,
select_multiple incident_where,security_where,Where did this/these incident(s) take place?,A ina ne ya faru?,DO READ CHOICES,KARANTA DAYA BAYAN DAYAN.,yes,,,${security_yn}='yes',,,,,
text,security_where_other,Other (specify):,Bayyan wasu wuraren da ya taba faru wa,,,yes,,,${security_where}='97',,,,,
integer,num_nodocs,"Of the ADULTS (18+) in the household, how many have NO form of legal documentation?","Acikin manyan gudan, akwai mai wata takardar sheda ne?","Such as: Voter identification card, passport, ID car, birth certificate, driver's licence, secondary school certificate",,yes,,,,.<=(count(${hh_members})-${agegrp_0_18_sum}),That is more adults than were listed in the household. Please recheck your entry,,,
integer,birth_cert,"Of the CHILDREN (0-17) in the household, how many have NO birth certificate?",Acikin yaran guda nawa ne keda takarda shedan haihuwa?,,,yes,,,,.<=${agegrp_0_18_sum},That is more children than were listed in the household. Please recheck your entry,,,
select_multiple docs_challenges,doc_challenge,Have any members of your household faced challenges due to lack of documentation?,Shin akwai wani acikin iyalan ku da su ka samu kalubale/matsala domin rashin takardar sheda?,,,yes,,,,"not(selected(.,'99') and count-selected(.) >1) and not(selected(.,'98') and count-selected(.) >1) and not(selected(.,'1') and count-selected(.) >1)",,,,
text,doc_challenge_other,Other (specify):,Bayyana idan akwai wasu matsaloli ,,,yes,,,"selected(${doc_challenge}, '97')",,,,,
select_one restricted,move_restriction_yn,Has anyone in your household experienced movement restrictions in your area in the last 3 months? ,Shin akwai wanda aka hana shi/ta tafiya agidan ku to anguwan/garin ku da ahaka shi zuwa wani wajen a watanni biyu da suka wuce?,,,yes,,,,,,,,
text,move_restriction_other,Other (specify):,Bayyana idan akwai,,,yes,,,${move_restriction_yn}='97',,,,,
select_one restriction_reason,reason_restriction,What are the reasons for your restricted movement?,Meye dalilin hana shi tafi?,,,yes,,,${move_restriction_yn}='restriction_night' or ${move_restriction_yn}='restriction_large_group' or ${move_restriction_yn}='restriction_complete' or ${move_restriction_yn}='restriction_2km' or ${move_restriction_yn}='97',,,,,
text,reason_restriction_other,Other (specify):,Bayyan wasu dalilan da yasa aka hana tafiyar,,,yes,,,${reason_restriction}='97',,,,,
select_one yncamp,restriction_permit_needed,"[If YES, and HH located in formal camp] Do you need a permit/document delivered by site management workers or local authorities to enter and leave the camp at all times?",,,,yes,,,${move_restriction_yn}='restriction_night' or ${move_restriction_yn}='restriction_large_group' or ${move_restriction_yn}='restriction_complete' or ${move_restriction_yn}='restriction_2km' or ${move_restriction_yn}='97',,,,,
select_one yndk,missing_detained_adult,Is there any ADULT in your household who is missing or being detained?,Shin akwai wani/wata da ya bata ko aka tsare?,"MISSING means they don't know where the person is and cannot communicate with them. 

DETAINED means they know where they are, but they are being held against their will. ",Ma'ana basu sannan inda mumin yake ba kuma babu labari                 Atsare kuma sun san inda mutumin yake amma an rike shi ba tare da son ranshi ba ,yes,,,,,,,,
select_one yndk,missing_detained_child,Is there any CHILD in your household who is missing or being detained?,,"MISSING means they don't know where the person is and cannot communicate with them. 

DETAINED means they know where they are, but they are being held against their will. ",,yes,,,,,,,,
select_multiple detain_missing,missing_detained_happen,Do you know what happened to that person or persons?,Shin kasan meye ya faru da wannan mutumin?,,,yes,,,"selected(${missing_detained_adult},'yes') or selected(${missing_detained_child},'yes')","not(selected(., '98') and count-selected(.)>1) and not(selected(., '99') and count-selected(.)>1) ",,,,
text,missing_detained_other,Other (specify):,Bayyana abimda ya faru da mai mutumin,,,yes,,,"selected(${missing_detained_happen}, '97')",,,,,
select_multiple labour_exploitation,labour_exploitation,Did any of these work experiences happen to someone from your household in this area/nearby?,,,,yes,,,,,,,,
select_multiple labour_exploitation_who,labour_exploitation_who,"IF YES, to whom did it happen?",,,,yes,,,"not(selected(${labour_exploitation},'none') or selected(${labour_exploitation},'98') or selected(${labour_exploitation},'99'))",,,,,
select_multiple labour_exploitation_work,labour_exploitation_work,"IF YES, what type of work was the household member doing?",,,,yes,,,"not(selected(${labour_exploitation},'none') or selected(${labour_exploitation},'98') or selected(${labour_exploitation},'99'))",,,,,
select_one yndk,human_trafficking,Have you or any member of your household been approached by someone from this camp/community with offers of employment or other opportunities outside of your community either within Nigeria or outside Nigeria?,,,,yes,,,,,,,,
begin group,labour,,,,,,,field-list,,,,,,
select_one yndk,human_trafficking_forced,"IF YES, During the journey or upon arrival in the destination, did you/they work or perform other activities against your will??",,,,yes,,,"selected(${human_trafficking},'yes')",,,,,
select_one yndk,human_trafficking_marriage,"IF YES, During the journey or upon arrival in the destination, were you/they approached by someone offering to arrange ?a marriage (for you or close family member – child or sibling)??",,,,yes,,,"selected(${human_trafficking},'yes')",,,,,
select_one yndk,human_trafficking_held,"IF YES, During the journey or upon arrival in the destination, were you/they kept at a certain location ?against your will (by persons other than the authorities of the country)??",,,,yes,,,"selected(${human_trafficking},'yes')",,,,,
end group,labour,,,,,,,,,,,,,
end group,protection,,,,,,,,,,,,,
begin group,displacement,,,,,yes,,,${group}='idp',,,,,
select_one state,aoo_state,What is your State of Origin?,Ina ne Jahar ku na asali?,,,yes,,minimal,${group}='idp',,,,,
select_one LGA,aoo_lga,What is your LGA of origin? ,Awacce karamar hukuma?,,,yes,State=${aoo_state},minimal,${group}='idp',,,,,
select_one ward,aoo_ward,What is your ward of origin?,,,,yes,LGA=${aoo_lga},minimal,,,,,,
text,aoo_settlement,What is the name of your settlement/village of origin?,Ina ne kauye/gari na asali?,,,yes,,,,,,,,
select_one access_last,access_yn,"Since you have left your village of origin, when was the last time someone from your household traveled there?","Tunda da kuka bar garin ku na asali, yause ne wani acikin yan gidan nan ya taba zuwa garin?",,,yes,,,,,,,,
select_one yndk,access_aoo,Are you or others from your community CURRENTLY able to move between your village of origin and your current location?,Shin kai/ki ko sauran yan garin ku na iya zuwa garin ku na asalin da ga inda kuka ayanzu?,,,yes,,,,,,,,
select_multiple aoo_why,access_aoo_why,"If yes, why do people from your community return?","Idan eh ne, Meye yasa jamaan garin ku suke koma wa?",,,yes,,,${access_aoo}='yes',"not(selected(., '98') and count-selected(.)>1) and not(selected(., '99') and count-selected(.)>1)",,,,
text,access_aoo_why_other,Other (specify):,Bayyana idan akwai wani daban,,,yes,,,"selected(${access_aoo_why}, '97')",,,,,
select_multiple aoo_barrier,access_aoo_barrier,"If no, what is preventing people from your community from returning?","Idan babu ma su koma wa kuma, meye yasa hakan?",,,yes,,,${access_aoo}='no',"not(selected(., '98') and count-selected(.)>1) and not(selected(., '99') and count-selected(.)>1)",,,,
text,access_aoo_barrier_other,Other (specify):,Bayyana idan akwai wani daban,,,yes,,,"selected(${access_aoo_barrier}, '97')",,,,,
select_one plan_move,move_plans,Is your household actively making plans to leave your current location?,Shin akwai wani shirin da kuke yi ne domin barin wajen kuke ayanzu?,,,yes,,,,,,,,
select_one plan_move_when,move_plans_when,When are you planning on doing this?,Yaushe kuke shirin yin hakan?,,,yes,,,${move_plans}='yes_move',,,,,
select_one pref_location,move_plans_where,What would be your preferred – FIRST CHOICE – future location?,,,,yes,,,${move_plans}='yes_move',,,,,
text,move_plans_where_other,Other (specify):,Bayyana idan akwai wani daban,,,yes,,,${move_plans}='yes_move' and ${move_plans_where}='97',,,,,
select_multiple push_factors,push_firstreason,What are your top three reasons for wanting to move to another location?,Bayyan dalilai kwarara guda uku da yasa ka/ki son komawa zuwa wani waje daban?,"Probe until you get three reasons. If they do not want to give all three, only select the ones they mention.","Tambaye su su fada ma ka/ki dalilai guda uku, idan basu fada ba zaba wanna su ka fada kawai.",yes,,,${move_plans}='yes_move',"count-selected(.)<=3 and not(selected(., '98') and count-selected(.)>1) and not(selected(., '99') and count-selected(.)>1)",,,,
text,push_firstreason_other,Other (specify):,Bayyana idan akwai wani daban da yasa ka/ki son komawa wani waje daban,,,yes,,,${move_plans}='yes_move' and ${push_firstreason}='97',,,,,
select_multiple pull_factor,pull_firstreason,What are your top three reasons for choosing your future destination?,Bayyan dalilai kwarara guda uku da yasa ka/ki zaba sabon wagen da zaka/ki?,"Probe until you get three reasons. If they do not want to give all three, only select the ones they mention.","Tambaye su su fada ma ka/ki dalilai guda uku, idan basu fada ba zaba wanna su ka fada kawai.",yes,,,${move_plans}='yes_move',"count-selected(.)<=3 and not(selected(., '98') and count-selected(.)>1) and not(selected(., '99') and count-selected(.)>1)",,,,
text,pull_firstreason_other,Other (specify):,Bayyana idan akwai wani dalili daban,,,yes,,,${move_plans}='yes_move' and ${pull_firstreason}='97',,,,,
select_multiple stay_factors,stay_firstreason,What are your top three reasons for wanting to stay at current location?,Menene dalilan ka/ki kwarara guda uku da yasa ka/ki son zama awannan wajen da kake/kike?,"Probe until you get three reasons. If they do not want to give all three, only select the ones they mention.","Tambaye su su fada ma ka/ki dalilai guda uku, idan basu fada ba zaba wanna su ka fada kawai.",yes,,,${move_plans}='yes_someday' or ${move_plans}='no_stay',"count-selected(.)<=3 and not(selected(., '98') and count-selected(.)>1) and not(selected(., '99') and count-selected(.)>1)",,,,
text,stay_firstreason_other,Other (specify):,Bayyana idan akwai wani dalili daban da yasa kake/kike son zama anan,,,yes,,,"(${move_plans}='yes_someday' or ${move_plans}='no_stay') and selected(${stay_firstreason}, '97')",,,,,
end group,displacement,,,,,,,,,,,,,
begin group,wash,,,,,,,,,,,,,
note,washnote,"For this next section, we are going to ask you about your household's water collection, consumption, latrines and garbage. 

It would be helpful for whoever collects water regularly in your house to help answer some of the questions. Please ask that person to come. ","Bangaren gaba kuma, tambayoyi ne akan yadda kuke diban ruwa,amfani da ta, yanayin bayan gidan ku da kuma sharan/datin ku.                                                                               Yana da kyau mai diba muku ruwa kullum na nan don amsa wadan su tambayoyi. Yazo/tazo .",,,,,,,,,,,
select_multiple water_source,water_source_main,What are all the water sources your household used in the last 30 days for your household needs?,Dasu wani irin ruwa kuke yi anfani agidan ku a kwanaki talatin 30 da suke wuce?,"Household needs means water for drinking, personal hygiene and cooking","Bukatun gidan ya hada ruwan sha,tsaftan kansu da na tsarafa abinci",yes,,,,"not(selected(., '98') and count-selected(.)>1) and not(selected(., '99') and count-selected(.)>1)",,,,
text,water_source_main_other,Please specify other water source,Bayyana idan akwai wani daban,,,yes,,,"selected(${water_source_main}, '97')",,,,,
select_one water_time,water_time,"How long does it take to collect water from your main water source, including traveling back and forth and queuing time?","Lokaci nawa yake dauka ka/ki jiran layi,dibawa da koma wa gida da ga wajen da kuke diban ruwa na ainihi? ",Main water source is where they get the majority of their household water,Ainihin ruwan ku shi inda da kuke diba ruwa yau da kullum,yes,,,,,,,,
integer,num_containers,How many different containers did you use to collect water from a water point in the last week?,Abubuwa nawa kuke yin anfani da su domin diban ruwa asatin da ya wuce?,[Please use the job aid card to identify ALL containers the household uses to collect water],[Da anfanin cartin wajen ka/ki su na maka/ki dukkan robobin da suke diban ruwa da shi,yes,,,"not(selected(${water_time},'at_hh'))",.<25,You entered an unrealisticly high number of containers. Please recheck,,,
begin repeat,container,,,,,,,field-list,,,,${num_containers},,
integer,volume_ct,What is the volume of this container in LITRES?,Mene ne girman wannan abun diba ruwan?,In litres,Sa shi a lita,yes,,,,.<=100,You entered an unrealistically high volume for this container. Please recheck,,,
integer,num_filled_ct,How many times was this container filled yesterday (or the last time water was collected)?,Sau nawa aka diba ruwa da shi wannan din jiya (ko lokacin na karshe da akayi anfani da shi)?,,,yes,,,,.< 25,You entered an unrealistically high number of trips for filling this container. Please recheck.,,,
end repeat,container,,Abun diban ruwan,,,,,,,,,,,
select_multiple quality_water,quality_water,Are there any problems with your drinking water?,Yaya yanayin kyaun ruwan da kuke dibawan yake a'ainihin wajen da kuke diba wa?,"If they have some water stored, ask to see it, to verify the quality with the respondent","idan akwai ajin ruwa aciki, duba domain ka/ki tabbatar da kyaun ruwan",yes,,,,"not(selected(.,'no_problem') and count-selected(.) >1) and not(selected(.,'99') and count-selected(.) >1) and not(selected(.,'98') and count-selected(.) >1)",,,,
text,quality_water_type_other,Other (specify):,Bayyana idan akwai wani daban,,,yes,,,"selected(${quality_water}, '97')",,,,,
select_multiple get_water_who,get_water_who,Who usually fetches water for the household?,,,,yes,,,,,,,,
text,get_water_who_other,Other (specify):,,,,,,,,,,,,
select_multiple fetch_prob_main,fetch_prob_main,What are the problems your household has with fetching water?,Wacce irin matsala ne ake samuwa danganai da diban ruwa agidanan?,,,yes,,,,"not(selected(.,'no_problem') and count-selected(.) >1) and not(selected(.,'99') and count-selected(.) >1) and not(selected(.,'98') and count-selected(.) >1)",,,,
text,fetch_prob_main_other,Other (specify):,Bayyana idan akwai wasu matsaloli dangane da diban ruwa,,,yes,,,"selected(${fetch_prob_main}, '97')",,,,,
select_one container_drinking,container_drinking,"Do you have a separate container to store drinking water?
",,"[Please show me the container used for drinking water storage] Notes for enumerator: Narrow-necked or covered water containers include jerricans and buckets with tight-filling lid and tap or pouring hole, so as to prevent people from putting their hands or contaminated objects into the container. Container should be clean in the sense of being free from visible dirt and should have been washed within the last week.Is it possible to ask, if not, why?",,yes,,,,,,,,
select_one wash_hand,wash_hand,"Do you wash your hands?
",,"Verify presence of soap or substitute, if respondent cannot locate it within a minute or so it should be discounted",,yes,,,,,,,,
select_one yndk,wash_hand_yesterday,"IF YES, have you done it today or yesterday?",,,,yes,,,"not(selected(${wash_hand},'dont_wash_hand') or selected(${wash_hand},'98') or selected(${wash_hand},'99'))",,,,,
select_multiple wash_hand_when,wash_hand_when,"IF YES, when did you do it?",,,,yes,,,"not(selected(${wash_hand},'dont_wash_hand') or selected(${wash_hand},'98') or selected(${wash_hand},'99'))",,,,,
select_one location_defecate,adult_defecate,Where do adult members of this household defecate?,,,,yes,,,,,,,,
text,adult_defecate_other,Other (specify):,,,,yes,,,"selected(${adult_defecate},'97')",,,,,
select_one location_defecate,child_defecate,Where do children members of this household defecate?,,,,yes,,,,,,,,
text,child_defecate_other,Other (specify):,,,,yes,,,"selected(${child_defecate},'97')",,,,,
select_multiple who_latrine_cant_use,who_latrine_cant_use,Which members of your household don't have access or cannot use the latrine? ,Waye acikin iyalan ka ba ya da daman anfani da bayan gidan?,,,yes,,,"not(selected(${adult_defecate},'open_space') or selected(${adult_defecate},'97') or selected(${adult_defecate},'98') or selected(${adult_defecate},'99') or selected(${child_defecate},'open_space') or selected(${child_defecate},'97') or selected(${child_defecate},'98') or selected(${child_defecate},'99'))","not(selected(.,'99') and count-selected(.) >1) and not(selected(.,'98') and count-selected(.) >1) ","If you chose no response or don't know, you should not choose any other answer. Please recheck",,,
text,who_latrine_cant_use_other,Other (specify):,Bayyana wadan su da basu da daman anfani da shi idan akwai su,,,yes,,,"selected(${who_latrine_cant_use}, '97')",,,,,
select_multiple latrine_nouse_reason,latrine_nouse_reason,What are the reasons those people cannot use the latrine?,Meye sa basu iya anfani da shi?,,,yes,,,"not(selected(${adult_defecate},'open_space') or selected(${adult_defecate},'97') or selected(${adult_defecate},'98') or selected(${adult_defecate},'99') or selected(${child_defecate},'open_space') or selected(${child_defecate},'97') or selected(${child_defecate},'98') or selected(${child_defecate},'99')) and not(selected(${who_latrine_cant_use},'nobody_issue') or selected(${who_latrine_cant_use},'98') or selected(${who_latrine_cant_use},'99'))","not(selected(.,'99') and count-selected(.) >1) and not(selected(.,'98') and count-selected(.) >1) ",,,,
text,latrine_nouse_reason_other,Other (specify):,Bayyan idan akwai wani daban,,,yes,,,"selected(${latrine_nouse_reason}, '97')",,,,,
select_one gender_latrine,gender_latrine,Is the latrine seperated by gender or sex?,Shin an banbanta bayan gidan ne da jinsi? ,,,yes,,,"selected(${adult_defecate},'public_latrine') or selected(${child_defecate},'public_latrine')",,,,,
select_one yndk,gender_latrine_ok,"If YES, are you comfortable with the sex segregation of latrines?",,,,yes,,,"selected(${gender_latrine},'separated_diff_location') or selected(${gender_latrine},'separated_same_location')",,,,,
select_multiple mhm_material,mhm_material,What materials do you use for menstrual hygiene management?,,,,yes,,,"selected(${enum_female},'yes')",,,,,
text,mhm_material_other,Other (specify):,,,,yes,,,"selected(${mhm_material},'97')",,,,,
select_one yndk,mhm_quality,"If selected an option, are they of sufficent quality?",,,,yes,,,"selected(${enum_female},'yes') and not(selected(${mhm_material},'nothing') or selected(${mhm_material},'98') or selected(${mhm_material},'99'))",,,,,
select_one yndk,mhm_quantity,If selected an option are they of sufficent quantity?,,,,yes,,,"selected(${enum_female},'yes') and not(selected(${mhm_material},'nothing') or selected(${mhm_material},'98') or selected(${mhm_material},'99'))",,,,,
select_multiple water_coping,coping_water,What do you do when you do not have enough water to meet your household needs?,Wani mataki kuke daukawa idan ba ku da ishenshen ruwa agida?,,,yes,,,,"not(selected(.,'dont_have_problem') and count-selected(.) >1) and not(selected(.,'99') and count-selected(.) >1) and not(selected(.,'98') and count-selected(.) >1)",,,,
text,coping_water_other,Other (specify):,Bayyana idan akwai wasu hanyoyi da ake bi,,,yes,,,"selected(${coping_water}, '97')",,,,,
select_one cashforwash,cashforwash,"If your household were to receive support to obtain WASH related non-food item kits, what method of support would you prefer?","Da za'a taimakamuku ta bangaren ruwa, wacce irin taimakon kukeso?Idan iyalinka zasu karbi goyon baya don ruwa, wane hanyar talla za ku fi so?",,,yes,,,,,,,,
text,cashforwash_other,Other (specify):,Bayyana wadan su hanyoyin,,,yes,,,"selected(${cashforwash}, '97')",,,,,
end group,wash,,,,,,,,,,,,,
begin group,health,,,,,,,,,,,,,
note,notehealth,"Next, we want to know about how your household uses and access to health services.","Na gaba kuma, muna son sanin yadda iyalin ka da lafiyar su take.",,,,,,,,,,,
select_one yndk,sick_2weeks,Has anyone in your household been sick in the past two weeks?,Akwai wanda yayi rashin lafiya ne agidan nan acikin sati biyu da ta wuce?,,,yes,,,,,,,,
select_multiple illness,sick_illness,What symptoms or illness did the person have?,Wacce irin ciwo ne?,,,yes,,,"selected(${sick_2weeks}, 'yes')","not(selected(.,'99') and count-selected(.) >1) and not(selected(.,'98') and count-selected(.) >1) ",,,,
text,sick_illness_other,Other (specify):,Bayyana alaman ciwon ,,,yes,,,"selected(${sick_illness}, '97')",,,,,
select_one treatment,wouldseek_treatment,"Where would be the first place you would go for treatment, if a household member was sick?",Ina kuke kai marar lafiya da farko idan yayi/tayi ciwo domin neman magani?,,,yes,,,,,,,,
text,wouldseek_treatment_other,Other (specify):,Bayyan wasu wajajen da ake samun magani idan akwai,,,yes,,,"selected(${wouldseek_treatment}, '97')",,,,,
integer,cost_treatment,How much did it cost you / or would it cost you for a consultation at that place in NAIRA?,Nawa  ake biyan domin ganin mai maganin a wajen?,"If free, please write 0","idan kyauta ne, rubuta 0",yes,,,"not(selected(${wouldseek_treatment}, 'wouldnt_seek')) or not(selected(${wouldseek_treatment}, '98')) or not(selected(${wouldseek_treatment}, '99'))",.<100000,"If more than 100,000 please just put 99,999",,,
integer,cost_treat_travel,"How much did it cost you / or would it cost you for to access the nearest health services in terms of transportation, lodging, or other non-drug expenses in NAIRA?","Nawa ake biyan kudin mota zuwa asibitin mafi kusa, kudin godo da kudin sauran abubuwan da basu shafi magani ba? ","If free, please write 0","idan kyauta ne, rubuta 0",yes,,,"not(selected(${wouldseek_treatment}, 'wouldnt_seek')) or not(selected(${wouldseek_treatment}, '98')) or not(selected(${wouldseek_treatment}, '99'))",.<100000,"If more than 100,000 please just put 99,999",,,
select_one hf_distance,distance_hf,How far is the closest health facility to you?,Yaya nisan asibi mafi kusa da ku yake?,,,yes,,,,,,,,
select_one healthfacility,type_hf,What type of health facility is it?,Wacce irin asibiti ce?,,,yes,,,,,,,,
text,type_hf_other,Other (specify):,Bayyana idan daban ne,,,yes,,,"selected(${type_hf}, '97')",,,,,
select_multiple health_barrier,main_barrier_health,What are the barriers for your household in accessing health care?,Su meye ne su ke kawo cikas ma iyalin ka idan suna son zuwa asibiti?,,,yes,,,,"not(selected(.,'no_barrier') and count-selected(.)>1) and not(selected(., '98') and count-selected(.)>1) and not(selected(., '99') and count-selected(.)>1)",,,,
text,main_barrier_health_other,Other (specify):,Shin akwai wadan su cikas ne na daban da ya ke hana zuwa asibiti,,,yes,,,"selected(${main_barrier_health}, '97')",,,,,
select_one yndk,birth_lastyear,Has anyone in your household given birth in the last year?,Shin anyi haihuwa ne a shakaran da ya wuce agidan nan?,Since last Ramadan in 2018,Tun azimin bara na 2018,yes,,,,,,,,
select_one birth_location,birth_where,Where did she give birth?,Aina akayi haihuwan?,,,yes,,,${birth_lastyear}='yes',,,,,
text,birth_where_other,Other (specify):,Bayyana idan akwai wani waje daban akayi haihuwan,,,yes,,,${birth_where}='97',,,,,
select_one birth_attendant,birth_who,Who helped attend this birth?,Wa ya taimaka awajen karbar haihuwan?,"A skilled birth attendant is either a doctor, nurse or midwife",Mai karban haihuwan yakan zama likita. maaikaciyar jinyan lafiya ko ngozoma,yes,,,${birth_lastyear}='yes',,,,,
text,birth_with_whom,Other (specify):,Bayyana wa ya taimaka wajen karbar haihuwan,,,yes,,,${birth_who}='97',,,,,
select_one cashforhealth,cash_health,"If your household were to receive support for health, what method of support would you prefer?","Da za'a taimakamuku ta bangaren lafiya, wacce irin taimakon kukeso?",,,yes,,,,,,,,
text,cash_health_other,Other (specify):,Bayyana idan akwai wansu hanyoyi ,,,yes,,,"selected(${cash_health}, '97')",,,,,
end group,health,,,,,,,,,,,,,
begin group,foodsec,,,,,,,,,,,,,
note,notefoodsec,"This next series of questions are about the food in your household. We want to know about the food available to you, your eating habits, and difficulties in getting food.","Wannan jerin tambayoyi na gaba kuma akan abinci a gidan ku. Muna so mu san abincin da ake samu a gare ku, cin abinci ku, da kuma wahalar samun abinci.",,,,,,,,,,,
select_multiple food_source_main,food_source_main,What sources of food has your household used in the last month?,Su wacce irin abinci ne iyalan gidan nan su ka yi anfani da ita a watan da ya wuce?,,,yes,,,,"not(selected(., '98') and count-selected(.)>1) and not(selected(., '99') and count-selected(.)>1)",,,,
text,food_source_main_other,Other (specify):,Bayyan wadan su naoyin abincin,,,yes,,,"selected(${food_source_main}, '97')",,,,,
select_multiple food_barrier_main,food_barrier_main,What barriers does your household have currently in accessing enough food?,Wadanne matsalolin ne gidan ku yake a yanzu don samun isheshen ga abincinku?,,,yes,,,,"not(selected(., 'none') and count-selected(.)>1) and not(selected(., '98') and count-selected(.)>1) and not(selected(., '99') and count-selected(.)>1)",,,,
text,food_barrier_main_other,Other (specify):,Bayyana idan akwai wansu mastlolin,,,yes,,,"selected(${food_barrier_main}, '97')",,,,,
begin group,FCS,"Over the last 7 days, how many days did your household consume the following foods. DO READ EACH. If none, put 0","A cikin kwanaki bakwai da suka gabata, kwanaki nawa iyalinka suka ci ireiren abincin nan. KARANTA DAYA BAYAN DAYA. Idan babu, rubuta 0",,,,,field-list,,,,,,
integer,fcs_cereals,"CEREALS or TUBERS (maize, rice, sorghum, millet, pasta, bread, cassava, potatoes, sweet potatoes, plantains, or other cereals)","Naoikan dawa ko doya (masara, shinkafa, dawa, gero, taliya, brodi, rogo,dankali Hausa da na turawa, Agada, da sauransu)",,,yes,,,,.<8,Cannot be more than 7 days in the last week,,,
integer,fcs_pulses,"PULSES, NUTS & SEEDS (beans, peas, groundnuts, cashews)","Dangin abincin yaya (wake, gyada, yayan kashu)",,,yes,,,,.<8,Cannot be more than 7 days in the last week,,,
integer,fcs_veg,"VEGETABLES (tomatoes, lettuce, cabbage, amaranth (allayafu), okra, sorrel)","Kayan lambu (tomatiri, salad, kabbegi, allayafu, kubewa, yakuwa",,,yes,,,,.<8,Cannot be more than 7 days in the last week,,,
integer,fcs_fruit,"FRUITS (mangos, oranges, bananas, ogwalaba)","Kayan marmari (mangoro, lemu, ayaba, agwaluma)",,,yes,,,,.<8,Cannot be more than 7 days in the last week,,,
integer,fcs_meat,"MEAT OR FISH (red meat, chicken, including internal, fish, seafood, eggs)","Nama da kifi (jan nama, kaza, kayan ciki, kifi, kwai)",,,yes,,,,.<8,Cannot be more than 7 days in the last week,,,
integer,fcs_dairy,"MILK AND DAIRY PRODUCTS (milk, cheese, yoghurt, etc.)","Madara (madarar shanu, chikwui, kindirmu)",,,yes,,,,.<8,Cannot be more than 7 days in the last week,,,
integer,fcs_oils,OIL AND FATS,Mai da kitse,,,yes,,,,.<8,Cannot be more than 7 days in the last week,,,
integer,fcs_sweets,"SWEETS (sugar, honey, jam, cakes, candy, etc.)","Kayan zaki (siga, zuma, alkaki, alawa)",,,yes,,,,.<8,Cannot be more than 7 days in the last week,,,
integer,fcs_spics,SPICES AND CONDIMENTS,Kayan yaji da kamshi ,,,yes,,,,.<8,Cannot be more than 7 days in the last week,,,
end group,FCS,,,,,,,,,,,,,
begin group,rCSI,"In the past 7 days, how many days did you have to resort to the following coping strategies to cope with the lack of food? DO READ EACH. If none, put 0","A cikin kwanaki bakwai 7 da ya wuce, yaya ake gogormaya da karancin abinci? Fadi daya bayan daya.idan babu, rubuta 0",,,,,field-list,,,,,,
integer,rcsi_lesspref,Rely on less preferrred and cheaper foods,Dõgara a kan abinci mai sauki,,,yes,,,,.<8,Cannot be more than 7 days in the last week,,,
integer,rcsi_borrow,Borrow / rely on foods from friends or relatives,Ara a wajen dangi da abokan arziki,,,yes,,,,.<8,Cannot be more than 7 days in the last week,,,
integer,rcsi_limit,Limit portion size at mealtime,Rage hannu awajen dafawa,,,yes,,,,.<8,Cannot be more than 7 days in the last week,,,
integer,rcsi_children,Restrict consumption by adults in order for small children to eat,Manya na hakura da cin su bar wa yara,,,yes,,,,.<8,Cannot be more than 7 days in the last week,,,
integer,rcsi_meals,Reduce number of meals eaten in a day,Rage lokutan cin abincin a yini,,,yes,,,,.<8,Cannot be more than 7 days in the last week,,,
end group,rCSI,,"A cikin kwana bakwai da su ka wuce, sau nawa ka/ki ci",,,,,,,,,,,
select_one yndk,market_access,Have you had physical access to a market in the last two weeks?,Shin ka/ki je kasuwa ne a sati biyun da ya wuce?,Physical access meaning opportunity to go to a market within last two weeks which has not been restrained by any restriction of movement - it does NOT mean if they have enough money to afford items on the market,Anan ana nufin samun damar zuwa kasuwa ne,yes,,,,,,,,
select_one cashforfood,cashforfood,"If your household were to receive support for food, what method of support would you prefer?","Da za'a taimakamuku ta bangaren abinci, wacce irin taimakon kukeso?",,,yes,,,,,,,,
text,cashforfood_other,Other (specify):,Bayyana idan akwai wansu kalan abincin,,,yes,,,${cashforfood} = '97',,,,,
end group,foodsec,,,,,,,,,,,,,
begin group,safe_wg,,,,,,,,,,,,,
note,notefuel,"Next, we are asking about the fuel you use in your household. We want to know about the fuel you use for different purposes, how you get fuel and what difficulties you face with fuel. ","Gaba, muna tambaya game da abubuwan da kake amfani da shi a gidanka domin yin girki. Muna so mu sani abunda da kuke amfani dasu don dalilai daban-daban, yadda kuke samun man fetur da kuma matsalolin da kuka fuskanta da man fetur.",,,,,,,,,,,
select_one yndk,safe_enough,Do you have sufficient access to firewood/fuel to meet your daily energy needs?,Shin jiya kin yi aiki da isashen itace ne wajen girki?,,,yes,,,,,,,,
select_one safe_fuel_cook,safe_fuel_cook,What is the most commonly used fuel type for COOKING in your household?,Wacce irin abune kuke anfa ni da shi wajen girka abinci?,,,yes,,,,,,,,
text,safe_fuel_cook_other,Other (specify):,Bayyan ko wacce iri ce,,,yes,,,${safe_fuel_cook}='97',,,,,
select_one safe_fuel_source,safe_fuel_source,What is your primary means of obtaining firewood or whichever fuel source you primarily use?,Menene ainihin hanyarka na samun itache ko duk abin da kuke anfani da shi wajen girki da farko?,,,yes,,,,,,,,
text,safe_fuel_source_other,Other (specify):,Bayyana idan akwai wasu hanyan samun su,,,yes,,,${safe_fuel_source}='97',,,,,
select_one yndk,safe_fuel_woodtrips,Does anyone in your household make trips to collect firewood for household use or for selling?,Akwai wani ne agidan wanda ya ke zuwa dauko itacen anfanin ku ko na sayarwa a gidan ku?,,,yes,,,,,,,,
select_multiple safe_get_fuel_who,safe_get_fuel_who,Who usually collects firewood for the household?,Wa yake kawo muku itace?,,,yes,,,"selected(${safe_fuel_woodtrips}, 'yes')",,,,,
text,safe_get_fuel_who_other,Other (specify):,Bayyana idan akwai wani daban,,,yes,,,"selected(${safe_get_fuel_who}, '97')",,,,,
select_multiple safe_fuel_protection,safe_fuel_protection,Do you or the HH member collecting firewood or whichever fuel source you primarily use face any of those protection risks?,,,,yes,,,,"not(selected(., 'no_risk') and count-selected(.)>1) and not(selected(., '98') and count-selected(.)>1) and not(selected(., '99') and count-selected(.)>1)",,,,
text,safe_fuel_protection_other,Other (specify):,,,,yes,,,"selected(${safe_fuel_protection},'97')",,,,,
select_multiple safe_coping_main,safe_coping_main,What things does your household do when there is not enough fuel for your household needs?,Meye kuke yin ida baku da isashen itace ko gawayi wadda za kuyi anfani da shi agida?,,,yes,,,,"not(selected(., 'nothing') and count-selected(.)>1) and not(selected(., '98') and count-selected(.)>1) and not(selected(., '99') and count-selected(.)>1)",,,,
text,safe_coping_main_other,Other (specify):,Bayyana idan akwai wata hanyar da ake bi,,,yes,,,"selected(${safe_coping_main}, '97')",,,,,
end group,safe_wg,,,,,,,,,,,,,
begin group,livelihoods,,,,,,,,,,,,,
note,notelivelihood,"For this section, we want to understand better about your household livelihoods and challenges related to access to services and infrastructure. ","Bangaren gaba kuma, tambayoyi ne akan yanayin samun ka/ki tare, aikin ka/ki da wahalhalun shi.",,,,,,,,,,,
select_multiple main_income,main_income,What are the main sources of income for the household?,Menene babban tushen samun kudi ga iyalin ka/ki?,Please select up to 3 options,Zabi ansa kwararar guda uku,yes,,,,"not(selected(., 'no_income') and count-selected(.)>1) and not(selected(., '98') and count-selected(.)>1) and not(selected(., '99') and count-selected(.)>1)",,,,
text,main_income_other,Other (specify):,Bayyana idan akwai wata hanya daban,,,yes,,,"selected(${main_income}, '97')",,,,,
select_one land_access_need,land_access_need,"During this last year, did you NEED TO access land for any of the following reasons?","A shekaran da ta wuce, ka/kin bukaci fili ne don wayannan dalilan?",,,yes,,,"selected(${main_income},'agriculture') or selected(${main_income},'livestock')",,,,,
text,land_access_need_other,Other (specify):,Bayyana wadan su dalilan da yasa ka/ki ka bukaci fili,,,yes,,,"selected(${land_access_need}, '97')",,,,,
select_one land_access,land_access,Were you ABLE TO access land?,Shin ka/ki samu ne?,,,yes,,,${land_access_need}='crops' or ${land_access_need}='grazing' or ${land_access_need}='97',,,,,
select_multiple land_barrier_main,land_barrier_main,What barriers are there for your household in accessing enough land for your farming or herding needs?,Wasu matsololi ne su ka hana samun fili domin kiwo?,,,yes,,,${land_access_need}='crops' or ${land_access_need}='grazing' or ${land_access_need}='97',"not(selected(., 'no_barrier') and count-selected(.)>1) and not(selected(., '98') and count-selected(.)>1) and not(selected(., '99') and count-selected(.)>1)",,,,
text,land_barrier_main_other,Other (specify):,Bayyana wadan su matsolin idan akwai,,Yi tambaya akan nawa ka/ki kashewa,yes,,,"selected(${land_barrier_main}, '97')",,,,,
select_one agric_inputs,agric_inputs,"During this last year, did you access seeds and other agricultural inputs needed?",,,,yes,,,"selected(${main_income},'agriculture') or selected(${main_income},'livestock')",,,,,
select_one agric_inputs_barrier,agric_inputs_barrier,What are the major barriers to accessing seeds and other agric inputs?,,,,yes,,,"selected(${main_income},'agriculture') or selected(${main_income},'livestock')","not(selected(., 'no_barrier') and count-selected(.)>1) and not(selected(., '98') and count-selected(.)>1) and not(selected(., '99') and count-selected(.)>1)",,,,
text,agric_inputs_barrier_other,Other (specify):,,,,yes,,,"selected(${agric_inputs_barrier},'97')",,,,,
begin_group,f_livelihood_coping,"In the last month, did your household do any of the following things to cope with lack of income for household needs?","A watan da ya wuce,akwai hanyar akabi don magance karancin kudi domin anfanin gida da ga ciki wayan nan abubuwan?","For each, select if the household has done in the past 30 days, or if it CANNOT DO IT ANYMORE due to having exhausted this option","A kowannensu, za?i idan gidan ya yi a cikin kwanaki 30 da suka wuce, ko kuma idan ba za ta iya yin YI ba saboda ?etare wannan za?i",yes,,field-list,,,,,,
select_one livelihoods_coping,f_livelihood_coping_sell_assets,"1. Sell household assets/good (furniture, television, jewelry, etc.)","Sayar da kayan dukiya / mai kyau (furniture, talabijin, kayan ado, da sauransu)",,,yes,,,,,,,,
select_one livelihoods_coping,f_livelihood_coping_savings,2. Spend savings,Ku ciyar da tanadi,,,yes,,,,,,,,
select_one livelihoods_coping,f_livelihood_coping_nonrepro_animals,3. Sell more animals (non-productive) than usual if working in farming/herding,Sayar wasu dabbobi (wadanda ba su da albarka) fiye da sabawa idan suna aiki a aikin gona / garkewa,,,yes,,,,,,,,
select_one livelihoods_coping,f_livelihood_coping_hhmember_eat_elsewhere,4. Send household members to eat elsewhere,Aika 'yan gida su ci abinci a wasu wurare,,,yes,,,,,,,,
select_one livelihoods_coping,f_livelihood_coping_purchasefood_credit,5. Purchase food on credit or borrowed food,Sayi abinci a kan bashi ko aro kayan abinci,,,yes,,,,,,,,
select_one livelihoods_coping,f_livelihood_coping_borrow_money,6. Borrow money,Aron kudi (bashi),,,yes,,,,,,,,
select_one livelihoods_coping,f_livelihood_coping_depend_support,7. Depend on support from family/host family/external assistance, Ku dogara ga goyon baya daga iyali / mahalarta iyali / taimako na waje,,,yes,,,,,,,,
select_one livelihoods_coping,f_livelihood_coping_sell_productive_assets,"8. Sell productive assets, or means of transport (sewing machine, agricultural machinery/vehicles, cars, bicycle, etc.)","Sayar da dukiyar dukiya, ko kuma hanyar sufuri (na'ura mai laushi, kayan aikin gona / motocin, motoci, keke, da dai sauransu)",,,yes,,,,,,,,
select_one livelihoods_coping,f_livelihood_coping_withdraw,9. Withdraw children from school,Cire yara daga makaranta,,,yes,,,,,,,,
select_one livelihoods_coping,f_livelihood_coping_reduceexpense,10. Reduce expenditure on other services like health and education,Rage kashe ku?i akan wasu ayyuka kamar kiwon lafiya da makanrata,,,yes,,,,,,,,
select_one livelihoods_coping,f_livelihood_coping_harvest_immature,11. Harvest immature crops (green maize),Girbi noma maalbarkatu (kore masara),,,yes,,,,,,,,
select_one livelihoods_coping,f_livelihood_coping_consume_seeds,12. Consume seed stocks that were to be saved for the next season ,Yi amfani da kayan ajiyar da za a shuka a shekara ta gaba,,,yes,,,,,,,,
select_one livelihoods_coping,f_livelihood_coping_decreaseexpense_animalcare_fertilizer,"13. decrease expenditure on fertilizer, pesticide, animal feed, veterinary care, etc.","rage yawan kudade akan taki, pesticide, abinci na dabba, kula da dabbobi, da dai sauransu.",,,yes,,,,,,,,
select_one livelihoods_coping,f_livelihood_coping_sell_land_property,14. Sell land or property,Sayar da fili ko dukiya,,,yes,,,,,,,,
select_one livelihoods_coping,f_livelihood_coping_beg,15. Beg for money,rokon kudi,,,yes,,,,,,,,
select_one livelihoods_coping,f_livelihood_coping_dangerous,"16. Engage in dangerous or illegal work/activity (incl. theft, illegal substances dealing, prostitution)","Hadewa a cikin ayyukan hasari ko rashin doka (hada sata, abubuwa marasa ha?ari, karuwanci)",,,yes,,,,,,,,
select_one livelihoods_coping,f_livelihood_coping_sell_female,17. Sell last female (productive) animals, Ku sayar da dabbobi (mata) na karshe,,,yes,,,,,,,,
select_one livelihoods_coping,f_livelihood_coping_child_marriage,18. Marriage of a HH member under the age of 18,Aurar da wani memba na HH mai shekaru kasa da 18 ,,,yes,,,,,,,,
end_group,f_livelihood_coping,,,,,,,,,,,,,
select_one yndk,hh_debt_yn,Is your household in debt (of money?),Shin ana bin wannan gidan bashi ne?,,,yes,,,,,,,,
select_one cash_access,cash_access,What is your main souce of access to physical cash?,Ta yaya kuke samun kudi?,DO READ CHOICES,KARANTA RA'AYOYI DABAN DABIN DIN      ,yes,,,,,,,,
text,cash_access_other,Other (specify):,Bayyana idan akwai wata hanya ta samun kudi,,,yes,,,"selected(${cash_access}, '97')",,,,,
select_one yndk,bank,Is there a branch of a Nigeria registered bank in your community?,,,,yes,,,,,,,,
select_one cashforlivelihoods,cashforlivelihoods,"If your household were to receive support for livelihoods, what method of support would you prefer?","Da za'a taimakamuku ta bangaren sana'a, wacce irin taimakon kukeso?",,Yi tambaya akan yaya suke son samun kudi,yes,,,,,,,,
text,cashforlivelihoods_other,Other (specify):,Bayyana idan akwai wata hanya,,,yes,,,"selected(${cashforlivelihoods}, '97')",,,,,
select_one yndk,waste_management,Is there a debris or waste management collection service in your community / site?,,,,,,,,,,,,
select_one trash_disposal,trash_disposal,What is the most common way your household disposed of garbage in the last 30 days?,Wacce hanya ce mafi sauki da kuke zubar da shara ku a kwanaki talatin 30 da ya wuce?,"If collected, probe for who manages trash collection",,yes,,,"selected(${waste_management},'yes')",,,,,
text,trash_disposal_other,Other (specify):,Bayyana idan akwai wata hanya da ake zubar da shara?,,,yes,,,"selected(${trash_disposal},'97')",,,,,
select_one yndk,community_security_initiative,"Is there an existing COMMUNITY security initiative in your area (APART FROM Nigeria Police, Nigerian Security and Civil Defense Corps, Nigerian Immigration, and Nigerian Customs Service)?",,,,yes,,,,,,,,
select_one access_gov,access_gov,Do you have reasonable access (within 2km) to the a) police station; b) local government authorities,,,,yes,,,,,,,,
end group,livelihoods,,,,,,,,,,,,,
begin group,shelter,,,,,,,,,,,,,
note,noteshelter,"For the next part, we want to ask about your shelter arrangements and about non-food items in the household.","Bangaren gaba kuma, tambayoyi ne akan yanayin gida da kayan masa rufi na awannan gidan.",,,,,,,,,,,
select_one type_shelter,type_shelter,What type of shelter is your HH currently living in?,Wacce irin gida ce?,,,yes,,,,,,,,
text,type_shelter_other,Other (specify):,Bayyana idan wata ce daban,,,yes,,,"selected(${type_shelter}, '97')",,,,,
select_one occupancy_status,occupancy_status,"

How is the shelter that your HH currently lives in occupied?",Yaya yanayin zaman yake a cikin gidan?,"For this question, tell the respondent ""we are only interested in knowing your answer and will not share it with anyone else""",,yes,,,,,,,,
text,occupancy_status_other,Other (specify):,Bayyana idan akwai wata hanya da ake zama aciki,,,yes,,,"selected(${occupancy_status}, '97')",,,,,
select_one yndk,property_documentation,Do your HH have a property or land legal documentation?,,,,yes,,,"selected(${occupancy_status}, 'owned')",,,,,
select_one permission_squat,permission_squat,Who has granted you permission to live in this shelter?,Wa yabaku izinin zama aciki?,,,yes,,,"selected(${occupancy_status}, 'squatted_w_permission')",,,,,
text,permission_squat_other,Other (specify):,Bayyana idan akwai wani daban da ya baku izinin,,,yes,,,"selected(${permission_squat}, '97')",,,,,
select_one yndk,rent_contract_yn,Do you have a written rental contract?,Shin akwai rubutatciyar yargegeniya ne?,,,yes,,,"selected(${occupancy_status}, 'rented')",,,,,
integer,contract_months,How long is the contract for IN MONTHS?,Har zuwa sawon wani lokaci ne yargegeniyar?,In months,Awatanni,yes,,,${rent_contract_yn}='yes',.<37,"You entered that this rent agreement is longer than 36 months. This seems high, please double check.",,,
select_one yndk,eviction_threat,Are you at risk of being evicted or forced to leave this shelter within the next month?,Shin akwai barazanar fitar da ku ne awatanni masu zuwa?,,,yes,,,,,,,,
integer,number_families_share,"How many HOUSEHOLDS, including yours, share your current accomodation? ",Shin iyalai nawa ke zama tare da ku aciki gidan nan har da naka?,A household unit is defined as consisting of one head of household and all individuals residing within the boundaries of the household sharing income and food – including family and non-family members,,yes,,,,.<15,,,,
select_one yndk,damage_status,Is your shelter damaged?,Shin gidan ta lalace ne?,"Must observe and see the shelter before answering, not just take the respondents answer. ",,yes,,,"not(selected(${type_shelter},'open_space') or selected(${type_shelter},'97') or selected(${type_shelter},'98') or selected(${type_shelter},'99'))",,,,,
select_multiple damage_causes,damage_causes,What is the cause of the damage?,Mene ne dalilin lalacewar ta?,,,yes,,,"selected(${damage_status}, 'yes')",,,,,
text,damage_causes_other,Other (specify):,Bayyana wadan su dalilan lalacewar,,,yes,,,"selected(${damage_causes}, '97')",,,,,
select_one damage_severity,damage_severity,What is the severity of the damage to the shelter overall?,Yaya yanayin lalacewar dakin/gidan yake gaba daya?,,,yes,,,"selected(${damage_status}, 'yes')",,,,,
text,damage_severity_other,Other (specify):,Bayyana idan akwai wani,,,yes,,,"selected(${damage_severity}, '97')",,,,,
select_multiple needs_items,needs_items,What are the non-food items that your HH does not have and that it NEEDS?,Shin kuna da wadannan abubuwan ne agidan ku?,"DO READ CHOICES. Select if they have

Access defined as they have the means and opportunity to borrow, purchase or use the item listed. ",KARANTA DAYA BAYAN DAYAS.Zabi duk wanda akwai,yes,,,,"not(selected(., 'none') and count-selected(.)>1)","Cannot select ""none"" and another answer ",,,
select_one cashforshelter,cashforshelter,"If your household were to receive support for shelter, what method of support would you prefer?","Da za'a taimakamuku ta bangaren wajen zama, wacce irin taimakon kukeso?",,,yes,,,,,,,,
text,cashforshelter_other,Other (specify):,Bayyana idan akwai wasu hanyoyi idan akwai,,,yes,,,"selected(${cashforshelter}, '97')",,,,,
end group,shelter,,,,,,,,,,,,,
begin group,assistance,,,,,,,,,,,,,
note,noteassistance,"This last section is on humanitarian assistance. We want to know about your experiences with receiving assistance, with aid providers and your preferences in the future.","Bangaren karshe akan taimakon agaji.Muna son sanin yanayin da ka/ki ka shiga lokacin karban taimako, da ma'aikatan da kuma nan gaba.",,,,,,,,,,,
select_multiple aid_info_want,aid_info_types,What type of information would you like to receive from aid providers? Please choose top 3,Bayyana irin labarin da ka/ki son ji awajen ma'aikatan agaji? Zabi guda uku 3,Please choose the top 3 information needs,Zabi guda uku kwararun labarin da ake bukata,yes,,,,"count-selected(.)<=3 and not(selected(., 'no_info') and count-selected(.)>1) and not(selected(., '98') and count-selected(.)>1) and not(selected(., '99') and count-selected(.)>1)",,,,
text,aid_info_types_other,Other (specify):,Bayyana wasu  hanyoyin labarai,,,yes,,,"selected(${aid_info_types}, '97')",,,,,
select_multiple aid_source_pref,aid_prefwho,Who do you trust the most to provide you with reliable information? Please choose top 3,Bayyana wani wanda zai iya baka/ki labari?,Please choose top 3 preferred sources,Zabi guda uku kwararun kaffar sada labarin da ake bukata,yes,,,"not(selected(${aid_info_types}, 'no_info'))","count-selected(.)<=3 and not(selected(., '98') and count-selected(.)>1) and not(selected(., '99') and count-selected(.)>1)",,,,
text,aid_prefwho_other,Other (specify):,Wacce hanyar samun labari ne ka/ki fi yarda sosai?,,,yes,,,"selected(${aid_prefwho}, '97')",,,,,
select_multiple aid_mode,aid_prefmode,What means of receiving information do you trust the most? Please choose top 3,Bayyana hanyan da kake samun labarai da ka/ki yarda da shi?,Please choose top 3 preferred means of information,Zabi guda uku kwarwran hanyan samun labari mafi soyuwa,yes,,,"not(selected(${aid_info_types}, 'no_info'))","count-selected(.)<=3 and not(selected(., '98') and count-selected(.)>1) and not(selected(., '99') and count-selected(.)>1)",,,,
text,aid_prefmode_other,Other (specify):,Bayyana wasu hanyan taimakon,,,yes,,,"selected(${aid_prefmode}, '97')",,,,,
select_multiple aid_feedback,aid_feedbacks,"How would you prefer to provide feedback to aid providers about the quality, quantity and appropriateness of the aid you have or will receive?",Yaya ka/ki son maida amsa ga ma'aikatan akan ayukan da suke yi da bayar da taimako da kuke samu wa?,,,yes,,,,"not(selected(., 'no_feedback') and count-selected(.)>1) and not(selected(., '98') and count-selected(.)>1) and not(selected(., '99') and count-selected(.)>1)",,,,
text,aid_feedbacks_other,Other (specify):,Bayyana wasu hanyoyin maida amsa?,,,yes,,,"selected(${aid_feedbacks}, '97')",,,,,
select_one languages,aid_languages,What is the main language you speak at home?,,Please only select the main one,,yes,,,,,,,,
text,aid_languages_other,Other (specify):,,,,yes,,,"selected(${aid_languages},'97')",,,,,
select_one languages,aid_lang_written,What language do you prefer to receive written information in?,,,,yes,,,,,,,,
text,aid_lang_written_other,Other (specify):,,,,yes,,,"selected(${aid_lang_written},'97')",,,,,
select_one languages,aid_lang_spoken,What language do you prefer to receive spoken information in?,,,,yes,,,,,,,,
text,aid_lang_spoken_other,Other (specify):,,,,yes,,,"selected(${aid_lang_spoken},'97')",,,,,
select_one fluency,aid_hausa_spoken,How well do you speak Hausa?,,,,yes,,,,,,,,
select_one fluency,aid_hausa_read,How well do you read Hausa?,,,,yes,,,,,,,,
select_one yndk,aid_access_phone,Does your household own a cell phone?,,,,yes,,,,,,,,
select_one network,aid_access_network,Which network do you use?,,,,yes,,,"selected(${aid_access_phone},'yes')",,,,,
text,aid_access_network_other,Other (specify):,,,,,,,"selected(${aid_access_network},'97')",,,,,
select_one yndk,aid_access_internet,Do you access the internet or social media on your cell phone?,,,,yes,,,"selected(${aid_access_phone},'yes')",,,,,
select_one yndk,aid_access_radio,Does your household own a radio?,,,,yes,,,,,,,,
select_one radio,aid_radio,Which stations do you listen to?,,,,yes,,,"selected(${aid_access_radio},'yes')",,,,,
text,aid_radio_other,Other (specify):,,,,,,,"selected(${aid_radio},'97')",,,,,
select_one radio_time,aid_radio_time,What time of the day do you listen to the radio? Select all that apply,,,,yes,,,"selected(${aid_access_radio},'yes')",,,,,
select_one yndk,aid_receive,"Has your household received any assistance in the past 6 months, from any sources?",Shin kun taba samun taimakon a watanni shida 6 da suka wuce ako wacce bangare?,"This year, 2019",Awannan shekara ta 2019,yes,,,,,,,,
select_multiple aid_source,aid_sources,What was the source of that assistance?,Wane irin taimako ne?,,,yes,,,"selected(${aid_receive},'yes')","not(selected(., '98') and count-selected(.)>1) and not(selected(., '99') and count-selected(.)>1) ",,,,
text,aid_sources_other,Other (specify):,Bayyana wasu hanyoyin taimakon idan akwai,,,yes,,,"selected(${aid_sources}, '97')",,,,,
select_multiple aid_type,aid_types,What was the type or types of assistance was received?,Wacce irin  taimako ne ka sa mu?,,,yes,,,"selected(${aid_receive},'yes')","not(selected(., '98') and count-selected(.)>1) and not(selected(., '99') and count-selected(.)>1) ",,,,
text,aid_types_other,Other (specify):,Bayyana  wasu hanyoyin taimakon idan akwai,,,yes,,,"selected(${aid_types}, '97')",,,,,
select_one aid_modality,aid_modality,What was the MAIN modality of the assistance received?,,,,yes,,,"selected(${aid_receive},'yes')",,,,,
text,aid_modality_other,Other (specify):,,,,yes,,,"selected(${aid_modality},'97')",,,,,
select_one yndk,aid_satis_yndk,Was the aid you received appropriate to your needs or the needs of the community?,Shin taimakon da kuka samu ta dace da bukatar ki/ka ko yan anguwan/garin?,"This year, 2019",Awannan shekara ta 2019,yes,,,"selected(${aid_receive},'yes')",,,,,
select_one yndk,aid_satis_workers,Did you feel you were treated with respect by aid workers?,Shin ma'aikatan sun girmama ku?,"This year, 2019",Awannan shekara ta 2019,yes,,,"selected(${aid_receive},'yes')",,,,,
select_one aidsafewhere,aid_safe,Did you feel safe while receiving assistance?,Shin kana da kwanciyar hankali ne lokacin da kake/kike karbar taimako?,"Point of service/distribution can refer to any place where they can access humanitarian aid, or receive distributions",Wajen samun taimakon agaji,yes,,,"selected(${aid_receive},'yes')",,,,,
text,aid_safe_other,Other (specify):,Bayyan idan akwai,,,yes,,,"selected(${aid_safe}, '97')",,,,,
select_one yndk,aid_excluded,Was anyone excluded from the assistance?,Shi akwai wayan da ake warewa ne yayin taimakon?,,,yes,,,"selected(${aid_receive},'yes')",,,,,
select_multiple excluded,aid_excluded_who,"If yes, who was mainly excluded?","idan akwai, meye sa?",,,yes,,,"selected(${aid_excluded},'yes')","not(selected(., '98') and count-selected(.)>1) and not(selected(., '99') and count-selected(.)>1) ",,,,
text,aid_excluded_who_other,Other (specify):,Bayyana jamma da aka ware?,,,yes,,,"selected(${aid_excluded_who}, '97')",,,,,
select_one yndk,aid_concern,Have you or anyone you know in your community ever raised any concerns on the assistance you received?,Shin ka/kin taba magana ko wani a'anguwanku yayi magana akan taimakon da kuke samuwa?,,,yes,,,"selected(${aid_receive},'yes')",,,,,
select_one concernresponse,aid_concern_response,"If yes, were you satisfied with the response you received from aid workers on your concern?","idan eh ne, shin ka gamsu da amsan da ma'aikatan suka fada muku?",,,yes,,,"selected(${aid_concern}, 'yes')",,,,,
select_one yndk,aid_asked,"In the last 6 months, have you or leaders in your community been asked about what aid you have received or would like to receive?","Awatanni shida 6 da suka wuce, shin an tambaya ka/ki  akan wacce irin taimako ku ke son a kawo mu?","This year, 2019",Awannan shekara ta 2019,yes,,,,,,,,
end group,assistance,,,,,,,,,,,,,
begin group,needs,,,,,,,,,,,,,
note,noteneeds,"Finally, we want to understand better what is the main priority need of your household.","Akarshe, muna son sannin taimako kwarara guda uku da ku ke bukata a gidan ku.",,,,,,,,,,,
select_one needs,need1,What do you think is the main priority need for your household overall?,Mene ne abu na farko mai muhimmanci da kuke bukata agidan ku?,"Select any ""other"" option for other response",Zabi wani ansan,yes,,,,,,,,
text,needs1_other,Please specify other first priority need,Bayyana wani mabiyin na farkon mai muhimmanci shima,,,yes,,,${need1}='97',,,,,
text,comment,Do you have any final comment on your situation and needs?,,,,,,,,,,,,
end group,needs,,,,,,,,,,,,,
end group,interview_enter2,,,,,,,,,,,,,
end group,interview_enter1,,,,,,,,,,,,,
note,note3,This household will be counted as a non-response. Do not replace this household with another one. Consider this interview complete.,A kirga wannan gidan a rukunin gidajen da basu bada amsa ba.Kar akuma yin wani amaimakon shi. Adauka a matsayin angama tambayoyin.,,,,,,${consent}='no_consent',,,,,
note,endnote,#You have come to the End of the Assessment. Please kindly thank the respondent for his/her valuable time and contribution.,#anzo karshen wannan tambayoyin,,,,,,,,,,,
